{"cameraMode":{"drawMode":0,"name":"Shaded","section":"Shading Mode"},"sceneLighting":true,"audioPlay":false,"sceneViewState":{"showFog":true,"showMaterialUpdate":false,"showSkybox":true,"showFlares":true,"showImageEffects":true,"showParticleSystems":true},"in2DMode":false,"pivot":{"x":5.827394485473633,"y":-9.660747528076172,"z":-7.969305038452148},"rotation":{"x":-0.16852451860904694,"y":-0.8281280398368836,"z":0.33491256833076479,"w":-0.416719913482666},"size":19.67360496520996,"orthographic":false}